MM/DD/YYYY-hr:mn:se,1,2,3,4,5,6,7,8,9,10,11,12,13,14,15,16,17,18,19,20,21,22,23,24,25,26,27,28,29,30,31,32,33,34,35,36
07/30/2025-15:58:43.093310,0.0,0.0,0.06,0.04,0.05,0.04,0.02,0.0,1.12,0.0,0.0,-0.0,0.03,3.1,0.08,0.01,0.06,0.0,1.13,0.0,-0.0,0.0,0.02,-0.0,0.29,0.49,0.12,0.26,-0.0,0.0,0.0,0.03,0.0,0.0,0.25,-0.0
07/30/2025-15:58:43.609164,0.0,0.0,0.04,0.03,0.11,0.02,-0.0,0.0,1.34,0.0,0.0,0.01,0.01,2.88,0.12,0.01,0.07,0.0,1.39,0.0,0.11,0.0,0.03,0.0,0.11,0.68,0.13,0.12,0.03,0.0,0.0,0.01,0.08,0.0,0.24,0.01
07/30/2025-15:58:44.044885,0.0,0.0,0.04,0.03,0.11,0.02,-0.0,0.0,1.34,0.0,0.0,0.01,0.01,2.88,0.12,0.01,0.07,0.0,1.39,0.0,0.11,0.0,0.03,0.0,0.11,0.68,0.13,0.12,0.03,0.0,0.0,0.01,0.08,0.0,0.24,0.01
07/30/2025-15:58:44.542237,0.0,0.0,0.04,0.03,0.11,0.02,-0.0,0.0,1.34,0.0,0.0,0.01,0.01,2.88,0.12,0.01,0.07,0.0,1.39,0.0,0.11,0.0,0.03,0.0,0.11,0.68,0.13,0.12,0.03,0.0,0.0,0.01,0.08,0.0,0.24,0.01
07/30/2025-15:58:45.037273,0.0,0.0,0.0,0.01,0.0,0.05,0.03,0.73,0.98,0.0,0.0,0.0,0.02,1.5,0.13,0.01,0.08,0.0,2.25,0.11,0.12,0.0,0.05,0.02,0.28,0.51,0.23,0.14,0.05,0.0,0.0,0.03,0.0,0.0,0.02,0.02
07/30/2025-15:58:45.481786,0.0,0.0,0.0,0.01,0.0,0.05,0.03,0.73,0.98,0.0,0.0,0.0,0.02,1.5,0.13,0.01,0.08,0.0,2.25,0.11,0.12,0.0,0.05,0.02,0.28,0.51,0.23,0.14,0.05,0.0,0.0,0.03,0.0,0.0,0.02,0.02
07/30/2025-15:58:46.001359,0.0,0.0,0.0,0.01,0.0,0.05,0.03,0.73,0.98,0.0,0.0,0.0,0.02,1.5,0.13,0.01,0.08,0.0,2.25,0.11,0.12,0.0,0.05,0.02,0.28,0.51,0.23,0.14,0.05,0.0,0.0,0.03,0.0,0.0,0.02,0.02
07/30/2025-15:58:46.452175,0.0,0.0,0.0,0.01,0.0,0.05,0.03,0.73,0.98,0.0,0.0,0.0,0.02,1.5,0.13,0.01,0.08,0.0,2.25,0.11,0.12,0.0,0.05,0.02,0.28,0.51,0.23,0.14,0.05,0.0,0.0,0.03,0.0,0.0,0.02,0.02
07/30/2025-15:58:46.900640,0.05,0.0,0.0,0.01,0.0,0.02,-0.0,0.23,1.0,0.0,0.0,0.01,-0.0,3.12,0.21,-0.0,0.11,0.0,1.85,0.39,0.1,0.0,0.06,0.02,0.34,0.35,0.38,0.22,0.05,-0.0,0.0,0.03,0.0,0.0,0.1,0.03
07/30/2025-15:58:47.333084,0.05,0.0,0.0,0.01,0.0,0.02,-0.0,0.23,1.0,0.0,0.0,0.01,-0.0,3.12,0.21,-0.0,0.11,0.0,1.85,0.39,0.1,0.0,0.06,0.02,0.34,0.35,0.38,0.22,0.05,-0.0,0.0,0.03,0.0,0.0,0.1,0.03
07/30/2025-15:58:47.809837,0.05,0.0,0.0,0.01,0.0,0.02,-0.0,0.23,1.0,0.0,0.0,0.01,-0.0,3.12,0.21,-0.0,0.11,0.0,1.85,0.39,0.1,0.0,0.06,0.02,0.34,0.35,0.38,0.22,0.05,-0.0,0.0,0.03,0.0,0.0,0.1,0.03
07/30/2025-15:58:48.376128,0.05,0.0,0.0,0.01,0.0,0.02,-0.0,0.23,1.0,0.0,0.0,0.01,-0.0,3.12,0.21,-0.0,0.11,0.0,1.85,0.39,0.1,0.0,0.06,0.02,0.34,0.35,0.38,0.22,0.05,-0.0,0.0,0.03,0.0,0.0,0.1,0.03
07/30/2025-15:58:49.188338,0.18,0.0,0.0,-0.0,0.22,0.04,0.02,0.23,0.79,0.0,0.0,0.03,0.02,0.37,0.23,0.03,0.12,0.0,2.72,0.57,0.18,0.0,0.07,0.02,0.22,0.41,1.86,0.27,0.06,0.0,0.0,0.07,0.0,0.0,0.15,0.02
07/30/2025-15:58:49.697185,0.18,0.0,0.0,-0.0,0.22,0.04,0.02,0.23,0.79,0.0,0.0,0.03,0.02,0.37,0.23,0.03,0.12,0.0,2.72,0.57,0.18,0.0,0.07,0.02,0.22,0.41,1.86,0.27,0.06,0.0,0.0,0.07,0.0,0.0,0.15,0.02
07/30/2025-15:58:50.197117,0.18,0.0,0.0,-0.0,0.22,0.04,0.02,0.23,0.79,0.0,0.0,0.03,0.02,0.37,0.23,0.03,0.12,0.0,2.72,0.57,0.18,0.0,0.07,0.02,0.22,0.41,1.86,0.27,0.06,0.0,0.0,0.07,0.0,0.0,0.15,0.02
07/30/2025-15:58:50.722264,0.09,0.0,0.0,0.0,0.0,0.02,0.0,0.0,0.0,0.0,0.0,0.0,0.02,0.0,0.28,0.78,2.82,0.0,0.86,0.0,0.0,0.14,1.48,0.0,0.13,3.74,0.0,0.0,0.74,0.0,0.0,0.0,0.0,0.0,0.6,0.4
07/30/2025-15:58:51.169485,0.09,0.0,0.0,0.0,0.0,0.02,0.0,0.0,0.0,0.0,0.0,0.0,0.02,0.0,0.28,0.78,2.82,0.0,0.86,0.0,0.0,0.14,1.48,0.0,0.13,3.74,0.0,0.0,0.74,0.0,0.0,0.0,0.0,0.0,0.6,0.4
07/30/2025-15:58:51.610723,0.09,0.0,0.0,0.0,0.0,0.02,0.0,0.0,0.0,0.0,0.0,0.0,0.02,0.0,0.28,0.78,2.82,0.0,0.86,0.0,0.0,0.14,1.48,0.0,0.13,3.74,0.0,0.0,0.74,0.0,0.0,0.0,0.0,0.0,0.6,0.4
07/30/2025-15:58:52.113719,0.0,0.0,0.0,0.0,0.0,0.05,0.0,0.0,0.0,0.0,0.0,0.0,0.03,0.0,3.13,1.55,4.18,0.0,2.25,0.0,0.37,0.0,2.25,0.0,0.74,6.38,0.0,0.0,1.05,0.0,0.27,0.18,0.0,0.0,1.21,0.98
07/30/2025-15:58:52.594455,0.0,0.0,0.0,0.0,0.0,0.05,0.0,0.0,0.0,0.0,0.0,0.0,0.03,0.0,3.13,1.55,4.18,0.0,2.25,0.0,0.37,0.0,2.25,0.0,0.74,6.38,0.0,0.0,1.05,0.0,0.27,0.18,0.0,0.0,1.21,0.98
07/30/2025-15:58:53.060499,0.0,0.0,0.0,0.0,0.0,0.05,0.0,0.0,0.0,0.0,0.0,0.0,0.03,0.0,3.13,1.55,4.18,0.0,2.25,0.0,0.37,0.0,2.25,0.0,0.74,6.38,0.0,0.0,1.05,0.0,0.27,0.18,0.0,0.0,1.21,0.98
07/30/2025-15:58:53.501289,0.0,0.0,0.0,0.0,0.0,0.05,0.0,0.0,0.0,0.0,0.0,0.0,0.03,0.0,3.13,1.55,4.18,0.0,2.25,0.0,0.37,0.0,2.25,0.0,0.74,6.38,0.0,0.0,1.05,0.0,0.27,0.18,0.0,0.0,1.21,0.98
07/30/2025-15:58:53.953007,0.0,0.0,-0.0,0.01,0.0,0.06,0.0,0.53,0.0,0.0,0.33,0.13,0.0,4.15,4.44,1.91,5.62,0.0,2.12,0.0,0.82,0.0,2.93,0.0,0.87,8.71,0.0,0.0,1.27,0.0,0.0,0.24,0.0,0.0,1.55,1.12
07/30/2025-15:58:54.450331,0.0,0.0,-0.0,0.01,0.0,0.06,0.0,0.53,0.0,0.0,0.33,0.13,0.0,4.15,4.44,1.91,5.62,0.0,2.12,0.0,0.82,0.0,2.93,0.0,0.87,8.71,0.0,0.0,1.27,0.0,0.0,0.24,0.0,0.0,1.55,1.12
07/30/2025-15:58:54.898420,0.0,0.0,-0.0,0.01,0.0,0.06,0.0,0.53,0.0,0.0,0.33,0.13,0.0,4.15,4.44,1.91,5.62,0.0,2.12,0.0,0.82,0.0,2.93,0.0,0.87,8.71,0.0,0.0,1.27,0.0,0.0,0.24,0.0,0.0,1.55,1.12
07/30/2025-15:58:55.360906,0.0,0.0,-0.0,0.01,0.0,0.06,0.0,0.53,0.0,0.0,0.33,0.13,0.0,4.15,4.44,1.91,5.62,0.0,2.12,0.0,0.82,0.0,2.93,0.0,0.87,8.71,0.0,0.0,1.27,0.0,0.0,0.24,0.0,0.0,1.55,1.12
07/30/2025-15:58:55.847251,0.0,0.0,0.15,0.0,0.0,0.05,0.0,1.88,0.0,0.0,0.19,0.16,0.0,4.36,5.21,2.02,5.19,0.0,1.92,0.0,0.79,0.0,2.23,0.0,1.09,9.61,0.0,0.0,0.88,0.0,0.0,0.45,0.0,0.0,0.82,1.11
07/30/2025-15:58:56.276365,0.0,0.0,0.15,0.0,0.0,0.05,0.0,1.88,0.0,0.0,0.19,0.16,0.0,4.36,5.21,2.02,5.19,0.0,1.92,0.0,0.79,0.0,2.23,0.0,1.09,9.61,0.0,0.0,0.88,0.0,0.0,0.45,0.0,0.0,0.82,1.11
07/30/2025-15:58:56.763414,0.0,0.0,0.15,0.0,0.0,0.05,0.0,1.88,0.0,0.0,0.19,0.16,0.0,4.36,5.21,2.02,5.19,0.0,1.92,0.0,0.79,0.0,2.23,0.0,1.09,9.61,0.0,0.0,0.88,0.0,0.0,0.45,0.0,0.0,0.82,1.11
07/30/2025-15:58:57.465787,0.0,0.0,0.06,0.0,0.0,0.03,0.0,4.63,0.66,0.0,0.06,0.16,0.02,6.93,6.99,2.81,5.5,0.0,2.05,0.0,1.31,0.0,2.4,0.0,1.19,10.82,0.0,0.0,1.35,0.0,0.0,0.62,0.0,0.0,1.13,1.41
07/30/2025-15:58:58.129754,0.0,0.0,0.06,0.0,0.0,0.03,0.0,4.63,0.66,0.0,0.06,0.16,0.02,6.93,6.99,2.81,5.5,0.0,2.05,0.0,1.31,0.0,2.4,0.0,1.19,10.82,0.0,0.0,1.35,0.0,0.0,0.62,0.0,0.0,1.13,1.41
07/30/2025-15:58:58.612043,0.0,0.0,0.06,0.0,0.0,0.03,0.0,4.63,0.66,0.0,0.06,0.16,0.02,6.93,6.99,2.81,5.5,0.0,2.05,0.0,1.31,0.0,2.4,0.0,1.19,10.82,0.0,0.0,1.35,0.0,0.0,0.62,0.0,0.0,1.13,1.41
07/30/2025-15:58:59.076309,0.0,0.0,0.06,0.0,0.0,0.03,0.0,4.63,0.66,0.0,0.06,0.16,0.02,6.93,6.99,2.81,5.5,0.0,2.05,0.0,1.31,0.0,2.4,0.0,1.19,10.82,0.0,0.0,1.35,0.0,0.0,0.62,0.0,0.0,1.13,1.41
07/30/2025-15:59:00.078178,0.0,0.0,0.08,0.0,0.0,0.0,0.0,5.02,0.0,0.0,0.48,0.4,0.02,7.71,7.28,3.06,6.0,0.0,1.46,0.0,1.54,0.0,2.64,0.0,1.17,12.55,0.0,0.0,1.49,0.0,0.41,0.65,0.0,0.0,1.12,1.5
07/30/2025-15:59:00.540666,0.0,0.0,0.08,0.0,0.0,0.0,0.0,5.02,0.0,0.0,0.48,0.4,0.02,7.71,7.28,3.06,6.0,0.0,1.46,0.0,1.54,0.0,2.64,0.0,1.17,12.55,0.0,0.0,1.49,0.0,0.41,0.65,0.0,0.0,1.12,1.5
07/30/2025-15:59:00.983718,0.23,0.0,0.21,0.0,0.0,0.04,0.0,5.51,0.0,0.0,0.74,0.4,0.05,8.65,7.71,3.22,6.08,0.0,2.05,0.0,1.62,0.0,2.7,0.0,1.18,13.42,0.0,0.0,1.52,0.0,0.13,0.73,0.0,0.0,0.93,1.59
07/30/2025-15:59:01.446970,0.23,0.0,0.21,0.0,0.0,0.04,0.0,5.51,0.0,0.0,0.74,0.4,0.05,8.65,7.71,3.22,6.08,0.0,2.05,0.0,1.62,0.0,2.7,0.0,1.18,13.42,0.0,0.0,1.52,0.0,0.13,0.73,0.0,0.0,0.93,1.59
07/30/2025-15:59:01.898805,0.23,0.0,0.21,0.0,0.0,0.04,0.0,5.51,0.0,0.0,0.74,0.4,0.05,8.65,7.71,3.22,6.08,0.0,2.05,0.0,1.62,0.0,2.7,0.0,1.18,13.42,0.0,0.0,1.52,0.0,0.13,0.73,0.0,0.0,0.93,1.59
07/30/2025-15:59:02.396834,0.23,0.0,0.21,0.0,0.0,0.04,0.0,5.51,0.0,0.0,0.74,0.4,0.05,8.65,7.71,3.22,6.08,0.0,2.05,0.0,1.62,0.0,2.7,0.0,1.18,13.42,0.0,0.0,1.52,0.0,0.13,0.73,0.0,0.0,0.93,1.59
07/30/2025-15:59:02.861050,0.0,0.0,0.19,0.01,0.0,0.04,0.0,6.05,0.0,0.0,0.92,0.39,0.04,9.14,8.02,3.34,6.24,0.0,2.32,0.0,1.62,0.0,2.76,0.0,1.0,13.62,0.0,0.0,1.57,0.0,0.58,0.89,0.0,0.0,0.9,1.7
07/30/2025-15:59:03.323203,0.0,0.0,0.19,0.01,0.0,0.04,0.0,6.05,0.0,0.0,0.92,0.39,0.04,9.14,8.02,3.34,6.24,0.0,2.32,0.0,1.62,0.0,2.76,0.0,1.0,13.62,0.0,0.0,1.57,0.0,0.58,0.89,0.0,0.0,0.9,1.7
07/30/2025-15:59:03.745926,0.0,0.0,0.19,0.01,0.0,0.04,0.0,6.05,0.0,0.0,0.92,0.39,0.04,9.14,8.02,3.34,6.24,0.0,2.32,0.0,1.62,0.0,2.76,0.0,1.0,13.62,0.0,0.0,1.57,0.0,0.58,0.89,0.0,0.0,0.9,1.7
07/30/2025-15:59:04.202017,0.0,0.0,0.19,0.01,0.0,0.04,0.0,6.05,0.0,0.0,0.92,0.39,0.04,9.14,8.02,3.34,6.24,0.0,2.32,0.0,1.62,0.0,2.76,0.0,1.0,13.62,0.0,0.0,1.57,0.0,0.58,0.89,0.0,0.0,0.9,1.7
07/30/2025-15:59:04.647354,0.0,0.0,0.17,0.03,0.0,0.05,-0.0,6.47,0.0,0.0,1.03,0.48,0.05,9.66,8.13,3.39,6.31,0.0,1.32,0.0,1.68,0.0,2.83,0.0,1.04,13.86,0.0,0.0,1.67,0.0,0.99,0.86,0.0,0.0,1.04,1.72
07/30/2025-15:59:05.098023,0.0,0.0,0.17,0.03,0.0,0.05,-0.0,6.47,0.0,0.0,1.03,0.48,0.05,9.66,8.13,3.39,6.31,0.0,1.32,0.0,1.68,0.0,2.83,0.0,1.04,13.86,0.0,0.0,1.67,0.0,0.99,0.86,0.0,0.0,1.04,1.72
07/30/2025-15:59:05.632803,0.0,0.0,0.17,0.03,0.0,0.05,-0.0,6.47,0.0,0.0,1.03,0.48,0.05,9.66,8.13,3.39,6.31,0.0,1.32,0.0,1.68,0.0,2.83,0.0,1.04,13.86,0.0,0.0,1.67,0.0,0.99,0.86,0.0,0.0,1.04,1.72
07/30/2025-15:59:06.069209,0.0,0.0,0.17,0.03,0.0,0.05,-0.0,6.47,0.0,0.0,1.03,0.48,0.05,9.66,8.13,3.39,6.31,0.0,1.32,0.0,1.68,0.0,2.83,0.0,1.04,13.86,0.0,0.0,1.67,0.0,0.99,0.86,0.0,0.0,1.04,1.72
07/30/2025-15:59:06.604578,0.0,0.0,0.25,0.02,0.0,0.03,0.0,6.59,0.0,0.0,1.07,0.48,0.03,9.6,8.34,3.44,6.36,0.0,1.06,0.0,1.81,0.0,2.91,0.0,1.2,14.08,0.0,0.0,1.71,0.0,1.26,0.82,0.0,0.0,1.33,1.79
07/30/2025-15:59:07.134154,0.0,0.0,0.25,0.02,0.0,0.03,0.0,6.59,0.0,0.0,1.07,0.48,0.03,9.6,8.34,3.44,6.36,0.0,1.06,0.0,1.81,0.0,2.91,0.0,1.2,14.08,0.0,0.0,1.71,0.0,1.26,0.82,0.0,0.0,1.33,1.79
07/30/2025-15:59:07.645185,0.0,0.0,0.25,0.02,0.0,0.03,0.0,6.59,0.0,0.0,1.07,0.48,0.03,9.6,8.34,3.44,6.36,0.0,1.06,0.0,1.81,0.0,2.91,0.0,1.2,14.08,0.0,0.0,1.71,0.0,1.26,0.82,0.0,0.0,1.33,1.79
07/30/2025-15:59:08.075848,0.05,0.0,0.17,0.0,0.0,0.03,0.0,6.11,0.0,0.0,1.0,0.42,0.0,9.58,8.47,3.49,6.43,0.0,0.79,0.0,1.82,0.0,2.93,0.0,1.05,14.78,0.0,0.0,1.73,0.0,1.1,0.82,0.0,0.0,1.66,1.81
07/30/2025-15:59:08.514765,0.05,0.0,0.17,0.0,0.0,0.03,0.0,6.11,0.0,0.0,1.0,0.42,0.0,9.58,8.47,3.49,6.43,0.0,0.79,0.0,1.82,0.0,2.93,0.0,1.05,14.78,0.0,0.0,1.73,0.0,1.1,0.82,0.0,0.0,1.66,1.81
07/30/2025-15:59:09.011410,0.05,0.0,0.17,0.0,0.0,0.03,0.0,6.11,0.0,0.0,1.0,0.42,0.0,9.58,8.47,3.49,6.43,0.0,0.79,0.0,1.82,0.0,2.93,0.0,1.05,14.78,0.0,0.0,1.73,0.0,1.1,0.82,0.0,0.0,1.66,1.81
07/30/2025-15:59:09.513794,0.05,0.0,0.17,0.0,0.0,0.03,0.0,6.11,0.0,0.0,1.0,0.42,0.0,9.58,8.47,3.49,6.43,0.0,0.79,0.0,1.82,0.0,2.93,0.0,1.05,14.78,0.0,0.0,1.73,0.0,1.1,0.82,0.0,0.0,1.66,1.81
07/30/2025-15:59:09.950466,0.0,0.0,0.23,0.01,0.0,0.05,0.0,6.38,0.0,0.0,1.08,0.51,0.04,9.82,8.51,3.54,6.47,0.0,0.0,-0.0,1.94,0.0,2.98,0.0,1.11,14.89,0.0,0.0,1.81,0.0,0.92,0.87,0.0,0.0,1.64,1.84
07/30/2025-15:59:10.414433,0.0,0.0,0.23,0.01,0.0,0.05,0.0,6.38,0.0,0.0,1.08,0.51,0.04,9.82,8.51,3.54,6.47,0.0,0.0,-0.0,1.94,0.0,2.98,0.0,1.11,14.89,0.0,0.0,1.81,0.0,0.92,0.87,0.0,0.0,1.64,1.84
07/30/2025-15:59:10.850510,0.0,0.0,0.23,0.01,0.0,0.05,0.0,6.38,0.0,0.0,1.08,0.51,0.04,9.82,8.51,3.54,6.47,0.0,0.0,-0.0,1.94,0.0,2.98,0.0,1.11,14.89,0.0,0.0,1.81,0.0,0.92,0.87,0.0,0.0,1.64,1.84
07/30/2025-15:59:11.340132,0.0,0.0,0.23,0.01,0.0,0.05,0.0,6.38,0.0,0.0,1.08,0.51,0.04,9.82,8.51,3.54,6.47,0.0,0.0,-0.0,1.94,0.0,2.98,0.0,1.11,14.89,0.0,0.0,1.81,0.0,0.92,0.87,0.0,0.0,1.64,1.84
07/30/2025-15:59:11.826971,0.0,0.0,0.34,0.0,0.0,0.07,0.0,6.8,0.0,0.0,1.25,0.57,0.04,10.05,8.53,3.58,6.52,0.0,0.0,0.39,2.08,0.0,3.04,0.0,1.18,14.98,0.0,0.0,1.81,0.0,0.88,0.87,0.0,0.0,1.75,1.86
07/30/2025-15:59:12.279636,0.0,0.0,0.34,0.0,0.0,0.07,0.0,6.8,0.0,0.0,1.25,0.57,0.04,10.05,8.53,3.58,6.52,0.0,0.0,0.39,2.08,0.0,3.04,0.0,1.18,14.98,0.0,0.0,1.81,0.0,0.88,0.87,0.0,0.0,1.75,1.86
07/30/2025-15:59:12.813234,0.0,0.0,0.34,0.0,0.0,0.07,0.0,6.8,0.0,0.0,1.25,0.57,0.04,10.05,8.53,3.58,6.52,0.0,0.0,0.39,2.08,0.0,3.04,0.0,1.18,14.98,0.0,0.0,1.81,0.0,0.88,0.87,0.0,0.0,1.75,1.86
07/30/2025-15:59:13.533236,0.0,0.0,0.34,0.01,0.0,0.05,0.0,6.99,0.0,0.0,1.29,0.55,-0.0,10.42,8.69,3.61,6.55,0.0,1.26,0.75,2.17,0.0,3.04,0.0,1.18,14.9,0.0,0.0,1.82,0.0,0.82,0.96,0.0,0.0,1.92,1.91
07/30/2025-15:59:14.082043,0.0,0.0,0.34,0.01,0.0,0.05,0.0,6.99,0.0,0.0,1.29,0.55,-0.0,10.42,8.69,3.61,6.55,0.0,1.26,0.75,2.17,0.0,3.04,0.0,1.18,14.9,0.0,0.0,1.82,0.0,0.82,0.96,0.0,0.0,1.92,1.91
07/30/2025-15:59:14.544232,0.0,0.0,0.34,0.01,0.0,0.05,0.0,6.99,0.0,0.0,1.29,0.55,-0.0,10.42,8.69,3.61,6.55,0.0,1.26,0.75,2.17,0.0,3.04,0.0,1.18,14.9,0.0,0.0,1.82,0.0,0.82,0.96,0.0,0.0,1.92,1.91
07/30/2025-15:59:14.962066,0.0,0.0,0.34,0.01,0.0,0.05,0.0,6.99,0.0,0.0,1.29,0.55,-0.0,10.42,8.69,3.61,6.55,0.0,1.26,0.75,2.17,0.0,3.04,0.0,1.18,14.9,0.0,0.0,1.82,0.0,0.82,0.96,0.0,0.0,1.92,1.91
07/30/2025-15:59:15.526319,0.0,0.0,0.27,0.01,0.0,0.05,0.0,7.19,0.0,0.0,1.35,0.51,-0.0,9.97,8.84,3.64,6.59,0.0,0.66,0.57,2.24,0.0,3.1,0.0,1.18,15.15,0.0,0.0,1.89,0.0,0.5,1.11,0.48,0.0,1.9,1.94
07/30/2025-15:59:16.038177,0.0,0.0,0.27,0.01,0.0,0.05,0.0,7.19,0.0,0.0,1.35,0.51,-0.0,9.97,8.84,3.64,6.59,0.0,0.66,0.57,2.24,0.0,3.1,0.0,1.18,15.15,0.0,0.0,1.89,0.0,0.5,1.11,0.48,0.0,1.9,1.94
07/30/2025-15:59:16.559894,0.0,0.0,0.27,0.01,0.0,0.05,0.0,7.19,0.0,0.0,1.35,0.51,-0.0,9.97,8.84,3.64,6.59,0.0,0.66,0.57,2.24,0.0,3.1,0.0,1.18,15.15,0.0,0.0,1.89,0.0,0.5,1.11,0.48,0.0,1.9,1.94
07/30/2025-15:59:17.072692,0.0,0.0,0.32,0.0,0.0,0.02,0.0,7.36,0.0,0.0,1.35,0.51,0.02,10.52,8.96,3.67,6.64,0.0,0.0,0.43,2.3,0.0,3.1,0.0,1.24,15.91,0.0,0.0,1.85,0.0,0.62,1.03,0.91,0.0,1.8,1.96
07/30/2025-15:59:17.511184,0.0,0.0,0.32,0.0,0.0,0.02,0.0,7.36,0.0,0.0,1.35,0.51,0.02,10.52,8.96,3.67,6.64,0.0,0.0,0.43,2.3,0.0,3.1,0.0,1.24,15.91,0.0,0.0,1.85,0.0,0.62,1.03,0.91,0.0,1.8,1.96
07/30/2025-15:59:17.947160,0.0,0.0,0.32,0.0,0.0,0.02,0.0,7.36,0.0,0.0,1.35,0.51,0.02,10.52,8.96,3.67,6.64,0.0,0.0,0.43,2.3,0.0,3.1,0.0,1.24,15.91,0.0,0.0,1.85,0.0,0.62,1.03,0.91,0.0,1.8,1.96
07/30/2025-15:59:18.432375,0.0,0.0,0.32,0.0,0.0,0.02,0.0,7.36,0.0,0.0,1.35,0.51,0.02,10.52,8.96,3.67,6.64,0.0,0.0,0.43,2.3,0.0,3.1,0.0,1.24,15.91,0.0,0.0,1.85,0.0,0.62,1.03,0.91,0.0,1.8,1.96
07/30/2025-15:59:19.430367,0.05,0.0,0.36,-0.0,0.0,0.07,0.0,7.35,0.0,0.0,1.25,0.55,0.05,10.85,9.1,3.69,6.64,0.0,0.0,0.14,2.29,0.0,3.0,0.0,1.24,15.75,0.3,0.0,1.73,0.0,0.46,1.11,0.57,0.0,1.98,1.82
07/30/2025-15:59:19.904136,0.05,0.0,0.36,-0.0,0.0,0.07,0.0,7.35,0.0,0.0,1.25,0.55,0.05,10.85,9.1,3.69,6.64,0.0,0.0,0.14,2.29,0.0,3.0,0.0,1.24,15.75,0.3,0.0,1.73,0.0,0.46,1.11,0.57,0.0,1.98,1.82
07/30/2025-15:59:20.494809,0.0,0.0,0.3,0.01,0.0,0.06,0.0,7.09,0.0,0.0,1.19,0.58,0.02,11.03,8.69,3.71,6.81,0.0,0.0,0.32,2.36,0.0,3.2,0.0,1.32,16.06,0.23,0.0,2.06,0.0,1.11,1.09,0.85,0.0,2.24,1.98
07/30/2025-15:59:20.906815,0.0,0.0,0.3,0.01,0.0,0.06,0.0,7.09,0.0,0.0,1.19,0.58,0.02,11.03,8.69,3.71,6.81,0.0,0.0,0.32,2.36,0.0,3.2,0.0,1.32,16.06,0.23,0.0,2.06,0.0,1.11,1.09,0.85,0.0,2.24,1.98
07/30/2025-15:59:21.335643,0.0,0.0,0.3,0.01,0.0,0.06,0.0,7.09,0.0,0.0,1.19,0.58,0.02,11.03,8.69,3.71,6.81,0.0,0.0,0.32,2.36,0.0,3.2,0.0,1.32,16.06,0.23,0.0,2.06,0.0,1.11,1.09,0.85,0.0,2.24,1.98
07/30/2025-15:59:21.804895,0.0,0.0,0.3,0.01,0.0,0.06,0.0,7.09,0.0,0.0,1.19,0.58,0.02,11.03,8.69,3.71,6.81,0.0,0.0,0.32,2.36,0.0,3.2,0.0,1.32,16.06,0.23,0.0,2.06,0.0,1.11,1.09,0.85,0.0,2.24,1.98
07/30/2025-15:59:22.252134,0.05,0.0,0.38,0.01,0.0,0.04,0.0,7.32,0.0,0.0,0.77,0.6,0.0,11.43,8.6,3.56,6.83,0.0,0.0,0.22,1.99,0.0,3.2,0.0,1.2,16.12,0.12,0.0,1.92,0.0,0.18,1.1,1.2,0.0,2.25,2.01
07/30/2025-15:59:22.738239,0.05,0.0,0.38,0.01,0.0,0.04,0.0,7.32,0.0,0.0,0.77,0.6,0.0,11.43,8.6,3.56,6.83,0.0,0.0,0.22,1.99,0.0,3.2,0.0,1.2,16.12,0.12,0.0,1.92,0.0,0.18,1.1,1.2,0.0,2.25,2.01
07/30/2025-15:59:23.163694,0.05,0.0,0.38,0.01,0.0,0.04,0.0,7.32,0.0,0.0,0.77,0.6,0.0,11.43,8.6,3.56,6.83,0.0,0.0,0.22,1.99,0.0,3.2,0.0,1.2,16.12,0.12,0.0,1.92,0.0,0.18,1.1,1.2,0.0,2.25,2.01
07/30/2025-15:59:23.607562,0.05,0.0,0.38,0.01,0.0,0.04,0.0,7.32,0.0,0.0,0.77,0.6,0.0,11.43,8.6,3.56,6.83,0.0,0.0,0.22,1.99,0.0,3.2,0.0,1.2,16.12,0.12,0.0,1.92,0.0,0.18,1.1,1.2,0.0,2.25,2.01
07/30/2025-15:59:24.050663,0.0,0.0,0.38,0.02,0.0,0.07,0.0,7.21,3.46,0.0,0.67,0.31,0.0,11.26,8.87,3.75,6.92,0.0,0.0,0.0,2.42,0.0,3.3,0.0,1.04,16.21,0.78,0.0,2.01,0.0,0.71,1.2,1.99,0.0,2.33,2.12
07/30/2025-15:59:24.620936,0.0,0.0,0.38,0.02,0.0,0.07,0.0,7.21,3.46,0.0,0.67,0.31,0.0,11.26,8.87,3.75,6.92,0.0,0.0,0.0,2.42,0.0,3.3,0.0,1.04,16.21,0.78,0.0,2.01,0.0,0.71,1.2,1.99,0.0,2.33,2.12
07/30/2025-15:59:25.095617,0.0,0.0,0.38,0.02,0.0,0.07,0.0,7.21,3.46,0.0,0.67,0.31,0.0,11.26,8.87,3.75,6.92,0.0,0.0,0.0,2.42,0.0,3.3,0.0,1.04,16.21,0.78,0.0,2.01,0.0,0.71,1.2,1.99,0.0,2.33,2.12
07/30/2025-15:59:25.592132,0.0,0.0,0.38,0.02,0.0,0.07,0.0,7.21,3.46,0.0,0.67,0.31,0.0,11.26,8.87,3.75,6.92,0.0,0.0,0.0,2.42,0.0,3.3,0.0,1.04,16.21,0.78,0.0,2.01,0.0,0.71,1.2,1.99,0.0,2.33,2.12
07/30/2025-15:59:26.032372,0.0,0.0,0.32,0.03,0.0,0.04,-0.0,6.8,4.14,0.0,0.89,0.07,0.0,11.73,9.1,3.93,7.07,0.0,0.0,0.14,2.38,0.0,3.27,0.0,1.02,16.46,0.96,0.0,2.03,0.0,0.72,1.23,2.57,0.0,2.29,2.17
07/30/2025-15:59:26.536044,0.0,0.0,0.32,0.03,0.0,0.04,-0.0,6.8,4.14,0.0,0.89,0.07,0.0,11.73,9.1,3.93,7.07,0.0,0.0,0.14,2.38,0.0,3.27,0.0,1.02,16.46,0.96,0.0,2.03,0.0,0.72,1.23,2.57,0.0,2.29,2.17
07/30/2025-15:59:27.000499,0.0,0.0,0.32,0.03,0.0,0.04,-0.0,6.8,4.14,0.0,0.89,0.07,0.0,11.73,9.1,3.93,7.07,0.0,0.0,0.14,2.38,0.0,3.27,0.0,1.02,16.46,0.96,0.0,2.03,0.0,0.72,1.23,2.57,0.0,2.29,2.17
07/30/2025-15:59:27.439225,0.0,0.0,0.32,0.03,0.0,0.04,-0.0,6.8,4.14,0.0,0.89,0.07,0.0,11.73,9.1,3.93,7.07,0.0,0.0,0.14,2.38,0.0,3.27,0.0,1.02,16.46,0.96,0.0,2.03,0.0,0.72,1.23,2.57,0.0,2.29,2.17
07/30/2025-15:59:27.932304,0.09,0.0,0.34,0.0,0.0,0.05,0.0,7.43,6.98,0.0,1.19,0.36,0.0,11.82,9.16,3.99,7.17,0.0,0.0,0.29,2.4,0.0,3.33,0.0,0.88,16.69,1.04,0.0,2.09,0.0,1.29,1.24,3.1,0.0,2.46,2.21
07/30/2025-15:59:28.373315,0.09,0.0,0.34,0.0,0.0,0.05,0.0,7.43,6.98,0.0,1.19,0.36,0.0,11.82,9.16,3.99,7.17,0.0,0.0,0.29,2.4,0.0,3.33,0.0,0.88,16.69,1.04,0.0,2.09,0.0,1.29,1.24,3.1,0.0,2.46,2.21
07/30/2025-15:59:28.848370,0.09,0.0,0.34,0.0,0.0,0.05,0.0,7.43,6.98,0.0,1.19,0.36,0.0,11.82,9.16,3.99,7.17,0.0,0.0,0.29,2.4,0.0,3.33,0.0,0.88,16.69,1.04,0.0,2.09,0.0,1.29,1.24,3.1,0.0,2.46,2.21
07/30/2025-15:59:29.303842,0.0,0.0,0.4,0.0,0.0,0.05,0.0,7.5,7.96,0.0,1.13,0.42,0.02,12.12,9.24,4.0,7.13,0.0,0.0,0.54,2.35,0.0,3.36,0.0,0.85,16.45,1.32,0.0,2.11,0.0,1.1,1.27,3.55,0.0,2.4,2.23
07/30/2025-15:59:29.720906,0.0,0.0,0.4,0.0,0.0,0.05,0.0,7.5,7.96,0.0,1.13,0.42,0.02,12.12,9.24,4.0,7.13,0.0,0.0,0.54,2.35,0.0,3.36,0.0,0.85,16.45,1.32,0.0,2.11,0.0,1.1,1.27,3.55,0.0,2.4,2.23
07/30/2025-15:59:30.167579,0.0,0.0,0.4,0.0,0.0,0.05,0.0,7.5,7.96,0.0,1.13,0.42,0.02,12.12,9.24,4.0,7.13,0.0,0.0,0.54,2.35,0.0,3.36,0.0,0.85,16.45,1.32,0.0,2.11,0.0,1.1,1.27,3.55,0.0,2.4,2.23
07/30/2025-15:59:30.623359,0.0,0.0,0.4,0.0,0.0,0.05,0.0,7.5,7.96,0.0,1.13,0.42,0.02,12.12,9.24,4.0,7.13,0.0,0.0,0.54,2.35,0.0,3.36,0.0,0.85,16.45,1.32,0.0,2.11,0.0,1.1,1.27,3.55,0.0,2.4,2.23
07/30/2025-15:59:31.145145,0.0,0.0,0.38,0.01,0.0,0.07,0.0,7.35,8.21,0.0,1.23,0.43,0.02,12.35,9.34,4.05,7.24,0.0,0.0,1.0,2.42,0.0,3.36,0.0,1.01,16.56,1.44,0.0,2.06,0.0,1.15,1.24,3.77,0.0,2.56,2.24
07/30/2025-15:59:31.574790,0.0,0.0,0.38,0.01,0.0,0.07,0.0,7.35,8.21,0.0,1.23,0.43,0.02,12.35,9.34,4.05,7.24,0.0,0.0,1.0,2.42,0.0,3.36,0.0,1.01,16.56,1.44,0.0,2.06,0.0,1.15,1.24,3.77,0.0,2.56,2.24
07/30/2025-15:59:32.116245,0.0,0.0,0.38,0.01,0.0,0.07,0.0,7.35,8.21,0.0,1.23,0.43,0.02,12.35,9.34,4.05,7.24,0.0,0.0,1.0,2.42,0.0,3.36,0.0,1.01,16.56,1.44,0.0,2.06,0.0,1.15,1.24,3.77,0.0,2.56,2.24
07/30/2025-15:59:32.607143,0.0,0.0,0.38,0.01,0.0,0.07,0.0,7.35,8.21,0.0,1.23,0.43,0.02,12.35,9.34,4.05,7.24,0.0,0.0,1.0,2.42,0.0,3.36,0.0,1.01,16.56,1.44,0.0,2.06,0.0,1.15,1.24,3.77,0.0,2.56,2.24
07/30/2025-15:59:33.032020,0.0,0.0,0.42,-0.0,0.0,0.06,-0.0,7.67,8.25,0.0,1.28,0.43,0.01,12.43,9.42,4.09,7.24,0.0,0.0,1.11,2.41,0.0,3.38,0.0,1.23,16.9,1.52,0.0,2.14,0.0,0.88,1.3,3.96,0.0,2.55,2.26
07/30/2025-15:59:33.544792,0.0,0.0,0.42,-0.0,0.0,0.06,-0.0,7.67,8.25,0.0,1.28,0.43,0.01,12.43,9.42,4.09,7.24,0.0,0.0,1.11,2.41,0.0,3.38,0.0,1.23,16.9,1.52,0.0,2.14,0.0,0.88,1.3,3.96,0.0,2.55,2.26
07/30/2025-15:59:34.019840,0.0,0.0,0.42,-0.0,0.0,0.06,-0.0,7.67,8.25,0.0,1.28,0.43,0.01,12.43,9.42,4.09,7.24,0.0,0.0,1.11,2.41,0.0,3.38,0.0,1.23,16.9,1.52,0.0,2.14,0.0,0.88,1.3,3.96,0.0,2.55,2.26
07/30/2025-15:59:34.519031,0.0,0.0,0.42,-0.0,0.0,0.06,-0.0,7.67,8.25,0.0,1.28,0.43,0.01,12.43,9.42,4.09,7.24,0.0,0.0,1.11,2.41,0.0,3.38,0.0,1.23,16.9,1.52,0.0,2.14,0.0,0.88,1.3,3.96,0.0,2.55,2.26
07/30/2025-15:59:35.021870,0.0,0.0,0.44,0.01,0.0,0.02,0.0,7.67,8.3,0.0,1.35,0.52,0.0,12.31,9.5,4.13,7.27,0.0,0.0,0.79,2.46,0.0,3.41,0.0,1.35,17.06,1.45,0.0,2.15,0.0,1.2,1.24,4.19,0.0,2.52,2.31
07/30/2025-15:59:35.518699,0.0,0.0,0.44,0.01,0.0,0.02,0.0,7.67,8.3,0.0,1.35,0.52,0.0,12.31,9.5,4.13,7.27,0.0,0.0,0.79,2.46,0.0,3.41,0.0,1.35,17.06,1.45,0.0,2.15,0.0,1.2,1.24,4.19,0.0,2.52,2.31
07/30/2025-15:59:35.992953,0.0,0.0,0.44,0.01,0.0,0.02,0.0,7.67,8.3,0.0,1.35,0.52,0.0,12.31,9.5,4.13,7.27,0.0,0.0,0.79,2.46,0.0,3.41,0.0,1.35,17.06,1.45,0.0,2.15,0.0,1.2,1.24,4.19,0.0,2.52,2.31
07/30/2025-15:59:36.487316,0.0,0.0,0.44,0.0,0.0,0.04,0.0,7.63,8.04,0.0,1.44,0.57,0.0,12.8,9.55,4.16,7.35,0.0,0.0,0.9,2.42,0.0,3.46,0.0,1.46,16.97,1.65,0.0,2.17,0.0,1.17,1.07,4.18,0.0,2.51,2.3
07/30/2025-15:59:36.948651,0.0,0.0,0.44,0.0,0.0,0.04,0.0,7.63,8.04,0.0,1.44,0.57,0.0,12.8,9.55,4.16,7.35,0.0,0.0,0.9,2.42,0.0,3.46,0.0,1.46,16.97,1.65,0.0,2.17,0.0,1.17,1.07,4.18,0.0,2.51,2.3
07/30/2025-15:59:37.482062,0.0,0.0,0.44,0.0,0.0,0.04,0.0,7.63,8.04,0.0,1.44,0.57,0.0,12.8,9.55,4.16,7.35,0.0,0.0,0.9,2.42,0.0,3.46,0.0,1.46,16.97,1.65,0.0,2.17,0.0,1.17,1.07,4.18,0.0,2.51,2.3
07/30/2025-15:59:37.911275,0.0,0.0,0.44,0.0,0.0,0.04,0.0,7.63,8.04,0.0,1.44,0.57,0.0,12.8,9.55,4.16,7.35,0.0,0.0,0.9,2.42,0.0,3.46,0.0,1.46,16.97,1.65,0.0,2.17,0.0,1.17,1.07,4.18,0.0,2.51,2.3
07/30/2025-15:59:38.368337,0.09,0.0,0.46,0.04,0.0,0.07,0.0,7.48,6.53,0.0,1.49,0.52,0.03,12.97,9.54,4.18,7.38,0.0,0.13,1.15,2.46,0.0,3.44,0.0,1.26,17.16,1.9,0.0,2.22,0.0,1.32,1.33,4.19,0.0,2.43,2.29
07/30/2025-15:59:38.853861,0.09,0.0,0.46,0.04,0.0,0.07,0.0,7.48,6.53,0.0,1.49,0.52,0.03,12.97,9.54,4.18,7.38,0.0,0.13,1.15,2.46,0.0,3.44,0.0,1.26,17.16,1.9,0.0,2.22,0.0,1.32,1.33,4.19,0.0,2.43,2.29
07/30/2025-15:59:39.328310,0.09,0.0,0.46,0.04,0.0,0.07,0.0,7.48,6.53,0.0,1.49,0.52,0.03,12.97,9.54,4.18,7.38,0.0,0.13,1.15,2.46,0.0,3.44,0.0,1.26,17.16,1.9,0.0,2.22,0.0,1.32,1.33,4.19,0.0,2.43,2.29
07/30/2025-15:59:39.857214,0.09,0.0,0.46,0.04,0.0,0.07,0.0,7.48,6.53,0.0,1.49,0.52,0.03,12.97,9.54,4.18,7.38,0.0,0.13,1.15,2.46,0.0,3.44,0.0,1.26,17.16,1.9,0.0,2.22,0.0,1.32,1.33,4.19,0.0,2.43,2.29
07/30/2025-15:59:40.309151,0.0,0.0,0.49,0.0,0.0,0.05,0.0,7.88,6.58,0.0,1.56,0.45,0.0,13.13,9.56,4.19,7.38,0.0,1.06,1.29,2.5,0.0,3.48,0.0,1.31,17.2,1.86,0.0,2.17,0.0,1.37,1.27,4.19,0.0,2.41,2.32
07/30/2025-15:59:40.755901,0.0,0.0,0.49,0.0,0.0,0.05,0.0,7.88,6.58,0.0,1.56,0.45,0.0,13.13,9.56,4.19,7.38,0.0,1.06,1.29,2.5,0.0,3.48,0.0,1.31,17.2,1.86,0.0,2.17,0.0,1.37,1.27,4.19,0.0,2.41,2.32
07/30/2025-15:59:41.253396,0.0,0.0,0.49,0.0,0.0,0.05,0.0,7.88,6.58,0.0,1.56,0.45,0.0,13.13,9.56,4.19,7.38,0.0,1.06,1.29,2.5,0.0,3.48,0.0,1.31,17.2,1.86,0.0,2.17,0.0,1.37,1.27,4.19,0.0,2.41,2.32
07/30/2025-15:59:41.700506,0.0,0.0,0.42,0.03,0.0,0.05,0.0,8.11,6.53,0.0,1.58,0.55,0.0,13.25,9.64,4.2,7.41,0.0,0.0,1.58,2.45,0.0,3.5,0.0,1.32,17.53,2.13,0.0,2.2,0.0,1.22,1.34,4.42,0.0,2.48,2.36
07/30/2025-15:59:42.236322,0.0,0.0,0.42,0.03,0.0,0.05,0.0,8.11,6.53,0.0,1.58,0.55,0.0,13.25,9.64,4.2,7.41,0.0,0.0,1.58,2.45,0.0,3.5,0.0,1.32,17.53,2.13,0.0,2.2,0.0,1.22,1.34,4.42,0.0,2.48,2.36
07/30/2025-15:59:42.740853,0.0,0.0,0.42,0.03,0.0,0.05,0.0,8.11,6.53,0.0,1.58,0.55,0.0,13.25,9.64,4.2,7.41,0.0,0.0,1.58,2.45,0.0,3.5,0.0,1.32,17.53,2.13,0.0,2.2,0.0,1.22,1.34,4.42,0.0,2.48,2.36
07/30/2025-15:59:43.211594,0.0,0.0,0.42,0.03,0.0,0.05,0.0,8.11,6.53,0.0,1.58,0.55,0.0,13.25,9.64,4.2,7.41,0.0,0.0,1.58,2.45,0.0,3.5,0.0,1.32,17.53,2.13,0.0,2.2,0.0,1.22,1.34,4.42,0.0,2.48,2.36
07/30/2025-15:59:43.689248,0.0,0.0,0.49,0.03,0.0,0.05,0.0,8.43,6.53,0.0,1.81,0.55,0.0,13.21,9.58,4.23,7.42,0.0,0.0,0.97,2.41,0.0,3.51,0.0,1.59,17.71,2.1,0.0,2.25,0.0,0.94,1.27,4.33,0.0,2.53,2.37
07/30/2025-15:59:44.112802,0.0,0.0,0.49,0.03,0.0,0.05,0.0,8.43,6.53,0.0,1.81,0.55,0.0,13.21,9.58,4.23,7.42,0.0,0.0,0.97,2.41,0.0,3.51,0.0,1.59,17.71,2.1,0.0,2.25,0.0,0.94,1.27,4.33,0.0,2.53,2.37
07/30/2025-15:59:44.580791,0.0,0.0,0.49,0.03,0.0,0.05,0.0,8.43,6.53,0.0,1.81,0.55,0.0,13.21,9.58,4.23,7.42,0.0,0.0,0.97,2.41,0.0,3.51,0.0,1.59,17.71,2.1,0.0,2.25,0.0,0.94,1.27,4.33,0.0,2.53,2.37
07/30/2025-15:59:45.021979,0.0,0.0,0.49,0.03,0.0,0.05,0.0,8.43,6.53,0.0,1.81,0.55,0.0,13.21,9.58,4.23,7.42,0.0,0.0,0.97,2.41,0.0,3.51,0.0,1.59,17.71,2.1,0.0,2.25,0.0,0.94,1.27,4.33,0.0,2.53,2.37
07/30/2025-15:59:45.489314,0.0,0.0,0.42,0.01,0.0,0.02,0.0,8.19,6.94,0.0,1.72,0.54,0.02,13.46,9.69,4.27,7.48,0.0,0.0,1.58,2.63,0.0,3.52,0.0,1.57,17.78,2.29,0.0,2.2,0.0,1.11,1.37,4.42,0.0,2.65,2.4
07/30/2025-15:59:45.929205,0.0,0.0,0.42,0.01,0.0,0.02,0.0,8.19,6.94,0.0,1.72,0.54,0.02,13.46,9.69,4.27,7.48,0.0,0.0,1.58,2.63,0.0,3.52,0.0,1.57,17.78,2.29,0.0,2.2,0.0,1.11,1.37,4.42,0.0,2.65,2.4
07/30/2025-15:59:46.370519,0.0,0.0,0.42,0.01,0.0,0.02,0.0,8.19,6.94,0.0,1.72,0.54,0.02,13.46,9.69,4.27,7.48,0.0,0.0,1.58,2.63,0.0,3.52,0.0,1.57,17.78,2.29,0.0,2.2,0.0,1.11,1.37,4.42,0.0,2.65,2.4
07/30/2025-15:59:46.867429,0.0,0.0,0.42,0.01,0.0,0.02,0.0,8.19,6.94,0.0,1.72,0.54,0.02,13.46,9.69,4.27,7.48,0.0,0.0,1.58,2.63,0.0,3.52,0.0,1.57,17.78,2.29,0.0,2.2,0.0,1.11,1.37,4.42,0.0,2.65,2.4
07/30/2025-15:59:47.320267,0.0,0.0,0.57,0.02,0.0,0.04,0.0,8.4,6.92,0.0,1.72,0.51,0.01,13.4,9.59,4.27,7.46,0.0,0.26,1.68,2.58,0.0,3.54,0.0,1.46,17.78,2.34,0.0,2.25,0.0,0.99,1.41,4.55,0.0,2.67,2.38
07/30/2025-15:59:47.789083,0.0,0.0,0.57,0.02,0.0,0.04,0.0,8.4,6.92,0.0,1.72,0.51,0.01,13.4,9.59,4.27,7.46,0.0,0.26,1.68,2.58,0.0,3.54,0.0,1.46,17.78,2.34,0.0,2.25,0.0,0.99,1.41,4.55,0.0,2.67,2.38
07/30/2025-15:59:48.227249,0.0,0.0,0.57,0.02,0.0,0.04,0.0,8.4,6.92,0.0,1.72,0.51,0.01,13.4,9.59,4.27,7.46,0.0,0.26,1.68,2.58,0.0,3.54,0.0,1.46,17.78,2.34,0.0,2.25,0.0,0.99,1.41,4.55,0.0,2.67,2.38
07/30/2025-15:59:48.741556,0.0,0.0,0.57,0.02,0.0,0.04,0.0,8.4,6.92,0.0,1.72,0.51,0.01,13.4,9.59,4.27,7.46,0.0,0.26,1.68,2.58,0.0,3.54,0.0,1.46,17.78,2.34,0.0,2.25,0.0,0.99,1.41,4.55,0.0,2.67,2.38
07/30/2025-15:59:49.248477,0.0,0.0,0.55,-0.0,0.0,0.05,0.0,8.36,7.09,0.0,1.84,0.64,0.05,13.6,9.63,4.28,7.51,0.0,0.0,1.68,2.58,0.0,3.56,0.0,1.54,17.7,2.46,0.0,2.2,0.0,1.09,1.4,4.72,0.0,2.78,2.39
07/30/2025-15:59:49.698226,0.0,0.0,0.55,-0.0,0.0,0.05,0.0,8.36,7.09,0.0,1.84,0.64,0.05,13.6,9.63,4.28,7.51,0.0,0.0,1.68,2.58,0.0,3.56,0.0,1.54,17.7,2.46,0.0,2.2,0.0,1.09,1.4,4.72,0.0,2.78,2.39
07/30/2025-15:59:50.267489,0.0,0.0,0.55,-0.0,0.0,0.05,0.0,8.36,7.09,0.0,1.84,0.64,0.05,13.6,9.63,4.28,7.51,0.0,0.0,1.68,2.58,0.0,3.56,0.0,1.54,17.7,2.46,0.0,2.2,0.0,1.09,1.4,4.72,0.0,2.78,2.39
07/30/2025-15:59:50.716469,0.0,0.0,0.61,0.02,0.0,0.06,0.0,8.38,7.36,0.0,1.89,0.68,0.02,13.62,9.74,4.31,7.54,0.0,0.0,1.94,2.57,0.0,3.57,0.0,1.4,17.8,2.57,0.0,2.15,0.0,1.12,1.4,4.96,0.0,2.85,2.44
07/30/2025-15:59:51.168866,0.0,0.0,0.61,0.02,0.0,0.06,0.0,8.38,7.36,0.0,1.89,0.68,0.02,13.62,9.74,4.31,7.54,0.0,0.0,1.94,2.57,0.0,3.57,0.0,1.4,17.8,2.57,0.0,2.15,0.0,1.12,1.4,4.96,0.0,2.85,2.44
07/30/2025-15:59:51.655659,0.0,0.0,0.61,0.02,0.0,0.06,0.0,8.38,7.36,0.0,1.89,0.68,0.02,13.62,9.74,4.31,7.54,0.0,0.0,1.94,2.57,0.0,3.57,0.0,1.4,17.8,2.57,0.0,2.15,0.0,1.12,1.4,4.96,0.0,2.85,2.44
07/30/2025-15:59:52.113888,0.0,0.0,0.61,0.02,0.0,0.06,0.0,8.38,7.36,0.0,1.89,0.68,0.02,13.62,9.74,4.31,7.54,0.0,0.0,1.94,2.57,0.0,3.57,0.0,1.4,17.8,2.57,0.0,2.15,0.0,1.12,1.4,4.96,0.0,2.85,2.44
07/30/2025-15:59:52.658306,0.0,0.0,0.63,0.02,0.0,0.07,0.0,8.48,7.26,0.0,1.84,0.68,0.03,13.79,9.72,4.31,7.59,0.0,0.0,2.01,2.63,0.0,3.57,0.0,1.6,17.86,2.71,0.01,2.25,0.0,1.21,1.43,5.08,0.0,2.67,2.43
07/30/2025-15:59:53.099686,0.0,0.0,0.63,0.02,0.0,0.07,0.0,8.48,7.26,0.0,1.84,0.68,0.03,13.79,9.72,4.31,7.59,0.0,0.0,2.01,2.63,0.0,3.57,0.0,1.6,17.86,2.71,0.01,2.25,0.0,1.21,1.43,5.08,0.0,2.67,2.43
07/30/2025-15:59:53.542261,0.0,0.0,0.63,0.02,0.0,0.07,0.0,8.48,7.26,0.0,1.84,0.68,0.03,13.79,9.72,4.31,7.59,0.0,0.0,2.01,2.63,0.0,3.57,0.0,1.6,17.86,2.71,0.01,2.25,0.0,1.21,1.43,5.08,0.0,2.67,2.43
07/30/2025-15:59:54.017386,0.0,0.0,0.63,0.02,0.0,0.07,0.0,8.48,7.26,0.0,1.84,0.68,0.03,13.79,9.72,4.31,7.59,0.0,0.0,2.01,2.63,0.0,3.57,0.0,1.6,17.86,2.71,0.01,2.25,0.0,1.21,1.43,5.08,0.0,2.67,2.43
07/30/2025-15:59:54.526282,0.18,0.0,0.61,0.01,0.0,0.02,-0.0,8.5,7.06,0.0,1.84,0.7,0.04,13.89,9.82,4.34,7.59,0.0,0.0,2.44,2.69,0.0,3.59,0.0,1.63,17.89,2.61,0.04,2.29,0.0,1.49,1.41,5.2,0.0,2.7,2.47
07/30/2025-15:59:54.974170,0.18,0.0,0.61,0.01,0.0,0.02,-0.0,8.5,7.06,0.0,1.84,0.7,0.04,13.89,9.82,4.34,7.59,0.0,0.0,2.44,2.69,0.0,3.59,0.0,1.63,17.89,2.61,0.04,2.29,0.0,1.49,1.41,5.2,0.0,2.7,2.47
07/30/2025-15:59:55.417345,0.18,0.0,0.61,0.01,0.0,0.02,-0.0,8.5,7.06,0.0,1.84,0.7,0.04,13.89,9.82,4.34,7.59,0.0,0.0,2.44,2.69,0.0,3.59,0.0,1.63,17.89,2.61,0.04,2.29,0.0,1.49,1.41,5.2,0.0,2.7,2.47
07/30/2025-15:59:55.891214,0.0,0.0,0.61,0.0,0.0,0.06,-0.0,8.63,7.17,0.0,1.9,0.64,0.06,13.93,9.83,4.34,7.61,0.0,0.0,2.33,2.75,0.0,3.61,0.0,1.56,17.87,2.59,0.1,2.29,0.0,1.6,1.35,5.38,0.0,2.74,2.45
07/30/2025-15:59:56.341123,0.0,0.0,0.61,0.0,0.0,0.06,-0.0,8.63,7.17,0.0,1.9,0.64,0.06,13.93,9.83,4.34,7.61,0.0,0.0,2.33,2.75,0.0,3.61,0.0,1.56,17.87,2.59,0.1,2.29,0.0,1.6,1.35,5.38,0.0,2.74,2.45
07/30/2025-15:59:56.794045,0.0,0.0,0.61,0.0,0.0,0.06,-0.0,8.63,7.17,0.0,1.9,0.64,0.06,13.93,9.83,4.34,7.61,0.0,0.0,2.33,2.75,0.0,3.61,0.0,1.56,17.87,2.59,0.1,2.29,0.0,1.6,1.35,5.38,0.0,2.74,2.45
07/30/2025-15:59:57.320326,0.0,0.0,0.61,0.0,0.0,0.06,-0.0,8.63,7.17,0.0,1.9,0.64,0.06,13.93,9.83,4.34,7.61,0.0,0.0,2.33,2.75,0.0,3.61,0.0,1.56,17.87,2.59,0.1,2.29,0.0,1.6,1.35,5.38,0.0,2.74,2.45
07/30/2025-15:59:57.865675,0.0,0.0,0.7,0.01,0.0,0.05,0.0,8.76,7.21,0.0,1.95,0.64,0.02,14.02,9.75,4.34,7.62,0.0,0.0,2.8,2.79,0.0,3.6,0.0,1.51,17.96,2.72,0.07,2.28,0.0,1.68,1.27,5.38,0.0,2.73,2.45
07/30/2025-15:59:58.433648,0.0,0.0,0.7,0.01,0.0,0.05,0.0,8.76,7.21,0.0,1.95,0.64,0.02,14.02,9.75,4.34,7.62,0.0,0.0,2.8,2.79,0.0,3.6,0.0,1.51,17.96,2.72,0.07,2.28,0.0,1.68,1.27,5.38,0.0,2.73,2.45
07/30/2025-15:59:58.865078,0.0,0.0,0.7,0.01,0.0,0.05,0.0,8.76,7.21,0.0,1.95,0.64,0.02,14.02,9.75,4.34,7.62,0.0,0.0,2.8,2.79,0.0,3.6,0.0,1.51,17.96,2.72,0.07,2.28,0.0,1.68,1.27,5.38,0.0,2.73,2.45
07/30/2025-15:59:59.351942,0.0,0.0,0.7,0.01,0.0,0.05,0.0,8.76,7.21,0.0,1.95,0.64,0.02,14.02,9.75,4.34,7.62,0.0,0.0,2.8,2.79,0.0,3.6,0.0,1.51,17.96,2.72,0.07,2.28,0.0,1.68,1.27,5.38,0.0,2.73,2.45
07/30/2025-15:59:59.819709,0.0,0.0,0.59,0.02,0.0,0.05,0.0,8.86,7.53,0.0,1.99,0.62,0.01,14.22,9.84,4.36,7.64,0.0,0.0,2.44,2.81,0.0,3.63,0.0,1.35,17.98,2.92,0.02,2.26,0.0,1.75,1.4,5.26,0.0,2.67,2.48
07/30/2025-16:00:00.251992,0.0,0.0,0.59,0.02,0.0,0.05,0.0,8.86,7.53,0.0,1.99,0.62,0.01,14.22,9.84,4.36,7.64,0.0,0.0,2.44,2.81,0.0,3.63,0.0,1.35,17.98,2.92,0.02,2.26,0.0,1.75,1.4,5.26,0.0,2.67,2.48
07/30/2025-16:00:00.784563,0.0,0.0,0.59,0.02,0.0,0.05,0.0,8.86,7.53,0.0,1.99,0.62,0.01,14.22,9.84,4.36,7.64,0.0,0.0,2.44,2.81,0.0,3.63,0.0,1.35,17.98,2.92,0.02,2.26,0.0,1.75,1.4,5.26,0.0,2.67,2.48
07/30/2025-16:00:01.207022,0.0,0.0,0.59,0.0,0.0,0.03,0.0,8.97,7.59,0.0,1.93,0.61,0.02,14.04,9.89,4.36,7.67,0.0,0.0,2.47,2.87,0.0,3.64,0.0,1.43,18.09,2.82,0.06,2.29,0.0,1.81,1.54,5.49,0.0,2.52,2.49
07/30/2025-16:00:01.692763,0.0,0.0,0.59,0.0,0.0,0.03,0.0,8.97,7.59,0.0,1.93,0.61,0.02,14.04,9.89,4.36,7.67,0.0,0.0,2.47,2.87,0.0,3.64,0.0,1.43,18.09,2.82,0.06,2.29,0.0,1.81,1.54,5.49,0.0,2.52,2.49
07/30/2025-16:00:02.329784,0.0,0.0,0.59,0.0,0.0,0.03,0.0,8.97,7.59,0.0,1.93,0.61,0.02,14.04,9.89,4.36,7.67,0.0,0.0,2.47,2.87,0.0,3.64,0.0,1.43,18.09,2.82,0.06,2.29,0.0,1.81,1.54,5.49,0.0,2.52,2.49
07/30/2025-16:00:02.862442,0.0,0.0,0.59,0.0,0.0,0.03,0.0,8.97,7.59,0.0,1.93,0.61,0.02,14.04,9.89,4.36,7.67,0.0,0.0,2.47,2.87,0.0,3.64,0.0,1.43,18.09,2.82,0.06,2.29,0.0,1.81,1.54,5.49,0.0,2.52,2.49
07/30/2025-16:00:03.365105,0.0,0.0,0.61,0.01,0.0,0.05,0.0,8.9,7.68,0.0,2.05,0.61,0.02,14.26,10.02,4.38,7.69,0.0,0.0,2.47,2.85,0.0,3.62,0.0,1.57,18.09,3.37,0.15,2.28,0.0,2.04,1.38,5.73,0.0,2.33,2.51
07/30/2025-16:00:03.879242,0.0,0.0,0.61,0.01,0.0,0.05,0.0,8.9,7.68,0.0,2.05,0.61,0.02,14.26,10.02,4.38,7.69,0.0,0.0,2.47,2.85,0.0,3.62,0.0,1.57,18.09,3.37,0.15,2.28,0.0,2.04,1.38,5.73,0.0,2.33,2.51
07/30/2025-16:00:04.332550,0.0,0.0,0.61,0.01,0.0,0.05,0.0,8.9,7.68,0.0,2.05,0.61,0.02,14.26,10.02,4.38,7.69,0.0,0.0,2.47,2.85,0.0,3.62,0.0,1.57,18.09,3.37,0.15,2.28,0.0,2.04,1.38,5.73,0.0,2.33,2.51
07/30/2025-16:00:04.783022,0.0,0.0,0.51,0.01,0.0,0.05,-0.0,8.91,7.83,0.0,2.16,0.6,0.04,14.38,10.07,4.4,7.7,0.0,0.0,2.4,2.87,0.0,3.64,0.0,1.52,18.12,3.46,0.15,2.33,0.0,2.01,1.43,6.09,0.0,2.3,2.5
07/30/2025-16:00:05.291368,0.0,0.0,0.51,0.01,0.0,0.05,-0.0,8.91,7.83,0.0,2.16,0.6,0.04,14.38,10.07,4.4,7.7,0.0,0.0,2.4,2.87,0.0,3.64,0.0,1.52,18.12,3.46,0.15,2.33,0.0,2.01,1.43,6.09,0.0,2.3,2.5
07/30/2025-16:00:05.738640,0.0,0.0,0.51,0.01,0.0,0.05,-0.0,8.91,7.83,0.0,2.16,0.6,0.04,14.38,10.07,4.4,7.7,0.0,0.0,2.4,2.87,0.0,3.64,0.0,1.52,18.12,3.46,0.15,2.33,0.0,2.01,1.43,6.09,0.0,2.3,2.5
07/30/2025-16:00:06.184109,0.0,0.0,0.51,0.01,0.0,0.05,-0.0,8.91,7.83,0.0,2.16,0.6,0.04,14.38,10.07,4.4,7.7,0.0,0.0,2.4,2.87,0.0,3.64,0.0,1.52,18.12,3.46,0.15,2.33,0.0,2.01,1.43,6.09,0.0,2.3,2.5
07/30/2025-16:00:06.659311,0.0,0.0,0.55,-0.0,0.0,0.06,0.0,8.94,7.79,0.0,2.11,0.64,0.01,14.36,9.99,4.4,7.67,0.0,0.0,2.22,2.81,0.0,3.65,0.0,1.25,18.25,2.97,0.17,2.23,0.0,1.81,1.38,5.61,0.0,2.21,2.49
07/30/2025-16:00:07.121041,0.0,0.0,0.55,-0.0,0.0,0.06,0.0,8.94,7.79,0.0,2.11,0.64,0.01,14.36,9.99,4.4,7.67,0.0,0.0,2.22,2.81,0.0,3.65,0.0,1.25,18.25,2.97,0.17,2.23,0.0,1.81,1.38,5.61,0.0,2.21,2.49
07/30/2025-16:00:07.595489,0.0,0.0,0.55,-0.0,0.0,0.06,0.0,8.94,7.79,0.0,2.11,0.64,0.01,14.36,9.99,4.4,7.67,0.0,0.0,2.22,2.81,0.0,3.65,0.0,1.25,18.25,2.97,0.17,2.23,0.0,1.81,1.38,5.61,0.0,2.21,2.49
07/30/2025-16:00:08.210956,0.0,0.0,0.55,-0.0,0.0,0.06,0.0,8.94,7.79,0.0,2.11,0.64,0.01,14.36,9.99,4.4,7.67,0.0,0.0,2.22,2.81,0.0,3.65,0.0,1.25,18.25,2.97,0.17,2.23,0.0,1.81,1.38,5.61,0.0,2.21,2.49
07/30/2025-16:00:08.814343,0.0,0.0,0.65,0.02,0.0,0.07,0.0,8.98,8.04,0.0,2.02,0.6,0.0,14.47,9.76,4.33,7.7,0.0,0.0,2.15,2.85,0.0,3.65,0.0,1.29,18.21,3.07,0.07,2.29,0.0,1.9,1.41,5.76,0.0,2.25,2.47
07/30/2025-16:00:09.322107,0.0,0.0,0.65,0.02,0.0,0.07,0.0,8.98,8.04,0.0,2.02,0.6,0.0,14.47,9.76,4.33,7.7,0.0,0.0,2.15,2.85,0.0,3.65,0.0,1.29,18.21,3.07,0.07,2.29,0.0,1.9,1.41,5.76,0.0,2.25,2.47
07/30/2025-16:00:09.789945,0.0,0.0,0.65,0.02,0.0,0.07,0.0,8.98,8.04,0.0,2.02,0.6,0.0,14.47,9.76,4.33,7.7,0.0,0.0,2.15,2.85,0.0,3.65,0.0,1.29,18.21,3.07,0.07,2.29,0.0,1.9,1.41,5.76,0.0,2.25,2.47
07/30/2025-16:00:10.319413,0.0,0.0,0.59,-0.0,0.0,0.04,0.0,8.93,8.36,0.0,2.26,0.58,0.0,14.43,10.07,4.3,7.55,0.0,0.33,2.44,2.91,0.0,3.62,0.0,1.21,18.21,2.99,0.13,2.34,0.0,1.63,1.43,5.34,0.0,2.21,2.55
07/30/2025-16:00:10.743323,0.0,0.0,0.59,-0.0,0.0,0.04,0.0,8.93,8.36,0.0,2.26,0.58,0.0,14.43,10.07,4.3,7.55,0.0,0.33,2.44,2.91,0.0,3.62,0.0,1.21,18.21,2.99,0.13,2.34,0.0,1.63,1.43,5.34,0.0,2.21,2.55
07/30/2025-16:00:11.480914,0.0,0.0,0.59,-0.0,0.0,0.04,0.0,8.93,8.36,0.0,2.26,0.58,0.0,14.43,10.07,4.3,7.55,0.0,0.33,2.44,2.91,0.0,3.62,0.0,1.21,18.21,2.99,0.13,2.34,0.0,1.63,1.43,5.34,0.0,2.21,2.55
07/30/2025-16:00:11.942152,0.05,0.0,0.61,0.0,0.0,0.05,-0.0,8.97,7.83,0.0,1.98,0.54,0.0,14.22,9.41,4.31,7.7,0.0,0.86,1.68,2.7,0.0,3.66,0.0,1.28,18.19,3.32,0.1,2.31,0.0,1.6,1.5,5.84,0.0,2.26,2.49
07/30/2025-16:00:12.507075,0.05,0.0,0.61,0.0,0.0,0.05,-0.0,8.97,7.83,0.0,1.98,0.54,0.0,14.22,9.41,4.31,7.7,0.0,0.86,1.68,2.7,0.0,3.66,0.0,1.28,18.19,3.32,0.1,2.31,0.0,1.6,1.5,5.84,0.0,2.26,2.49
07/30/2025-16:00:13.023009,0.05,0.0,0.61,0.0,0.0,0.05,-0.0,8.97,7.83,0.0,1.98,0.54,0.0,14.22,9.41,4.31,7.7,0.0,0.86,1.68,2.7,0.0,3.66,0.0,1.28,18.19,3.32,0.1,2.31,0.0,1.6,1.5,5.84,0.0,2.26,2.49
07/30/2025-16:00:13.522118,0.05,0.0,0.61,0.0,0.0,0.05,-0.0,8.97,7.83,0.0,1.98,0.54,0.0,14.22,9.41,4.31,7.7,0.0,0.86,1.68,2.7,0.0,3.66,0.0,1.28,18.19,3.32,0.1,2.31,0.0,1.6,1.5,5.84,0.0,2.26,2.49
07/30/2025-16:00:13.975691,0.09,0.0,0.57,0.0,0.0,0.02,0.0,9.02,7.93,0.0,2.02,0.55,-0.0,14.47,9.96,4.35,7.78,0.0,0.99,1.97,2.92,0.0,3.69,0.0,1.33,18.06,3.41,0.12,2.33,0.0,1.62,1.5,5.91,0.0,2.3,2.51
07/30/2025-16:00:14.541343,0.09,0.0,0.57,0.0,0.0,0.02,0.0,9.02,7.93,0.0,2.02,0.55,-0.0,14.47,9.96,4.35,7.78,0.0,0.99,1.97,2.92,0.0,3.69,0.0,1.33,18.06,3.41,0.12,2.33,0.0,1.62,1.5,5.91,0.0,2.3,2.51
07/30/2025-16:00:14.998096,0.09,0.0,0.57,0.0,0.0,0.02,0.0,9.02,7.93,0.0,2.02,0.55,-0.0,14.47,9.96,4.35,7.78,0.0,0.99,1.97,2.92,0.0,3.69,0.0,1.33,18.06,3.41,0.12,2.33,0.0,1.62,1.5,5.91,0.0,2.3,2.51
07/30/2025-16:00:15.520310,0.0,0.0,0.65,0.0,0.0,-0.0,0.0,9.13,8.06,0.0,2.07,0.52,0.0,14.51,10.01,4.37,7.8,0.0,2.45,1.9,2.97,0.0,3.68,0.0,1.26,18.31,4.06,0.17,2.37,0.0,1.44,1.48,5.92,0.0,2.26,2.54
07/30/2025-16:00:15.991985,0.0,0.0,0.65,0.0,0.0,-0.0,0.0,9.13,8.06,0.0,2.07,0.52,0.0,14.51,10.01,4.37,7.8,0.0,2.45,1.9,2.97,0.0,3.68,0.0,1.26,18.31,4.06,0.17,2.37,0.0,1.44,1.48,5.92,0.0,2.26,2.54
07/30/2025-16:00:16.471394,0.0,0.0,0.65,0.0,0.0,-0.0,0.0,9.13,8.06,0.0,2.07,0.52,0.0,14.51,10.01,4.37,7.8,0.0,2.45,1.9,2.97,0.0,3.68,0.0,1.26,18.31,4.06,0.17,2.37,0.0,1.44,1.48,5.92,0.0,2.26,2.54
07/30/2025-16:00:16.905712,0.0,0.0,0.65,0.0,0.0,-0.0,0.0,9.13,8.06,0.0,2.07,0.52,0.0,14.51,10.01,4.37,7.8,0.0,2.45,1.9,2.97,0.0,3.68,0.0,1.26,18.31,4.06,0.17,2.37,0.0,1.44,1.48,5.92,0.0,2.26,2.54
07/30/2025-16:00:17.436515,0.0,0.0,0.63,0.01,0.0,0.04,0.0,9.12,8.15,0.0,2.1,0.51,0.0,14.61,10.05,4.38,7.86,0.0,2.58,2.26,2.94,0.0,3.69,0.0,1.4,18.27,3.7,0.15,2.33,0.0,1.53,1.52,6.09,0.0,2.29,2.56
07/30/2025-16:00:17.861735,0.0,0.0,0.63,0.01,0.0,0.04,0.0,9.12,8.15,0.0,2.1,0.51,0.0,14.61,10.05,4.38,7.86,0.0,2.58,2.26,2.94,0.0,3.69,0.0,1.4,18.27,3.7,0.15,2.33,0.0,1.53,1.52,6.09,0.0,2.29,2.56
07/30/2025-16:00:18.390756,0.0,0.0,0.63,0.01,0.0,0.04,0.0,9.12,8.15,0.0,2.1,0.51,0.0,14.61,10.05,4.38,7.86,0.0,2.58,2.26,2.94,0.0,3.69,0.0,1.4,18.27,3.7,0.15,2.33,0.0,1.53,1.52,6.09,0.0,2.29,2.56
07/30/2025-16:00:18.861484,0.0,0.0,0.63,0.01,0.0,0.04,0.0,9.12,8.15,0.0,2.1,0.51,0.0,14.61,10.05,4.38,7.86,0.0,2.58,2.26,2.94,0.0,3.69,0.0,1.4,18.27,3.7,0.15,2.33,0.0,1.53,1.52,6.09,0.0,2.29,2.56
07/30/2025-16:00:19.321711,0.05,0.0,0.63,-0.0,0.0,0.06,-0.0,9.0,8.12,0.0,2.14,0.51,0.0,14.57,10.03,4.37,7.86,0.0,2.05,2.04,2.87,0.0,3.69,0.0,1.24,18.34,4.31,0.16,2.31,0.0,1.58,1.52,6.13,0.0,2.31,2.59
07/30/2025-16:00:19.846178,0.05,0.0,0.63,-0.0,0.0,0.06,-0.0,9.0,8.12,0.0,2.14,0.51,0.0,14.57,10.03,4.37,7.86,0.0,2.05,2.04,2.87,0.0,3.69,0.0,1.24,18.34,4.31,0.16,2.31,0.0,1.58,1.52,6.13,0.0,2.31,2.59
07/30/2025-16:00:20.313834,0.05,0.0,0.63,-0.0,0.0,0.06,-0.0,9.0,8.12,0.0,2.14,0.51,0.0,14.57,10.03,4.37,7.86,0.0,2.05,2.04,2.87,0.0,3.69,0.0,1.24,18.34,4.31,0.16,2.31,0.0,1.58,1.52,6.13,0.0,2.31,2.59
07/30/2025-16:00:20.767146,0.0,0.0,0.59,0.0,0.0,0.02,0.0,9.08,8.1,0.0,2.16,0.48,0.0,14.71,10.08,4.37,7.89,0.0,1.66,2.11,2.88,0.0,3.72,0.0,1.4,18.34,4.62,0.16,2.39,0.0,1.66,1.52,6.16,0.0,2.41,2.57
07/30/2025-16:00:21.302719,0.0,0.0,0.59,0.0,0.0,0.02,0.0,9.08,8.1,0.0,2.16,0.48,0.0,14.71,10.08,4.37,7.89,0.0,1.66,2.11,2.88,0.0,3.72,0.0,1.4,18.34,4.62,0.16,2.39,0.0,1.66,1.52,6.16,0.0,2.41,2.57
07/30/2025-16:00:21.776502,0.0,0.0,0.59,0.0,0.0,0.02,0.0,9.08,8.1,0.0,2.16,0.48,0.0,14.71,10.08,4.37,7.89,0.0,1.66,2.11,2.88,0.0,3.72,0.0,1.4,18.34,4.62,0.16,2.39,0.0,1.66,1.52,6.16,0.0,2.41,2.57
07/30/2025-16:00:22.212836,0.0,0.0,0.59,0.0,0.0,0.02,0.0,9.08,8.1,0.0,2.16,0.48,0.0,14.71,10.08,4.37,7.89,0.0,1.66,2.11,2.88,0.0,3.72,0.0,1.4,18.34,4.62,0.16,2.39,0.0,1.66,1.52,6.16,0.0,2.41,2.57
07/30/2025-16:00:22.673096,0.0,0.0,0.61,0.0,0.0,0.06,0.0,9.19,8.34,0.0,2.18,0.52,0.0,14.92,10.07,4.38,7.9,0.0,4.24,2.33,2.91,0.0,3.74,0.0,1.38,18.33,4.97,0.2,2.39,0.0,1.48,1.51,6.28,0.0,2.43,2.56
07/30/2025-16:00:23.105376,0.0,0.0,0.61,0.0,0.0,0.06,0.0,9.19,8.34,0.0,2.18,0.52,0.0,14.92,10.07,4.38,7.9,0.0,4.24,2.33,2.91,0.0,3.74,0.0,1.38,18.33,4.97,0.2,2.39,0.0,1.48,1.51,6.28,0.0,2.43,2.56
07/30/2025-16:00:23.606197,0.0,0.0,0.61,0.0,0.0,0.06,0.0,9.19,8.34,0.0,2.18,0.52,0.0,14.92,10.07,4.38,7.9,0.0,4.24,2.33,2.91,0.0,3.74,0.0,1.38,18.33,4.97,0.2,2.39,0.0,1.48,1.51,6.28,0.0,2.43,2.56
07/30/2025-16:00:24.061935,0.0,0.0,0.61,0.0,0.0,0.06,0.0,9.19,8.34,0.0,2.18,0.52,0.0,14.92,10.07,4.38,7.9,0.0,4.24,2.33,2.91,0.0,3.74,0.0,1.38,18.33,4.97,0.2,2.39,0.0,1.48,1.51,6.28,0.0,2.43,2.56
07/30/2025-16:00:24.571632,0.0,0.0,0.59,0.0,0.0,0.05,0.0,9.24,8.23,0.0,2.18,0.57,-0.0,15.06,10.1,4.4,7.9,0.0,2.52,2.26,2.93,0.0,3.74,0.0,1.42,18.43,4.6,0.32,2.36,0.0,1.54,1.44,6.32,0.0,2.47,2.59
07/30/2025-16:00:25.014639,0.0,0.0,0.59,0.0,0.0,0.05,0.0,9.24,8.23,0.0,2.18,0.57,-0.0,15.06,10.1,4.4,7.9,0.0,2.52,2.26,2.93,0.0,3.74,0.0,1.42,18.43,4.6,0.32,2.36,0.0,1.54,1.44,6.32,0.0,2.47,2.59
07/30/2025-16:00:25.491774,0.0,0.0,0.59,0.0,0.0,0.05,0.0,9.24,8.23,0.0,2.18,0.57,-0.0,15.06,10.1,4.4,7.9,0.0,2.52,2.26,2.93,0.0,3.74,0.0,1.42,18.43,4.6,0.32,2.36,0.0,1.54,1.44,6.32,0.0,2.47,2.59
07/30/2025-16:00:25.931763,0.0,0.0,0.59,0.0,0.0,0.05,0.0,9.24,8.23,0.0,2.18,0.57,-0.0,15.06,10.1,4.4,7.9,0.0,2.52,2.26,2.93,0.0,3.74,0.0,1.42,18.43,4.6,0.32,2.36,0.0,1.54,1.44,6.32,0.0,2.47,2.59
07/30/2025-16:00:26.407206,0.0,0.0,0.63,0.0,0.0,0.06,0.0,9.26,8.19,0.0,2.27,0.57,0.0,15.04,10.09,4.39,7.94,0.0,2.38,2.11,2.92,0.0,3.73,0.0,1.4,18.64,4.92,0.25,2.37,0.0,1.74,1.47,6.53,0.0,2.46,2.61
07/30/2025-16:00:26.835954,0.0,0.0,0.63,0.0,0.0,0.06,0.0,9.26,8.19,0.0,2.27,0.57,0.0,15.04,10.09,4.39,7.94,0.0,2.38,2.11,2.92,0.0,3.73,0.0,1.4,18.64,4.92,0.25,2.37,0.0,1.74,1.47,6.53,0.0,2.46,2.61
07/30/2025-16:00:27.288318,0.0,0.0,0.63,0.0,0.0,0.06,0.0,9.26,8.19,0.0,2.27,0.57,0.0,15.04,10.09,4.39,7.94,0.0,2.38,2.11,2.92,0.0,3.73,0.0,1.4,18.64,4.92,0.25,2.37,0.0,1.74,1.47,6.53,0.0,2.46,2.61
07/30/2025-16:00:27.750674,0.0,0.0,0.63,0.0,0.0,0.06,0.0,9.26,8.19,0.0,2.27,0.57,0.0,15.04,10.09,4.39,7.94,0.0,2.38,2.11,2.92,0.0,3.73,0.0,1.4,18.64,4.92,0.25,2.37,0.0,1.74,1.47,6.53,0.0,2.46,2.61
07/30/2025-16:00:28.314911,0.0,0.0,0.57,0.0,0.0,0.04,0.0,9.24,8.12,0.0,2.23,0.61,0.0,15.02,10.09,4.41,7.95,0.0,2.25,2.04,2.87,0.0,3.73,0.0,1.42,18.51,5.1,0.35,2.33,0.0,1.57,1.44,6.65,0.0,2.54,2.62
07/30/2025-16:00:28.839656,0.0,0.0,0.57,0.0,0.0,0.04,0.0,9.24,8.12,0.0,2.23,0.61,0.0,15.02,10.09,4.41,7.95,0.0,2.25,2.04,2.87,0.0,3.73,0.0,1.42,18.51,5.1,0.35,2.33,0.0,1.57,1.44,6.65,0.0,2.54,2.62
07/30/2025-16:00:29.265687,0.0,0.0,0.57,0.0,0.0,0.04,0.0,9.24,8.12,0.0,2.23,0.61,0.0,15.02,10.09,4.41,7.95,0.0,2.25,2.04,2.87,0.0,3.73,0.0,1.42,18.51,5.1,0.35,2.33,0.0,1.57,1.44,6.65,0.0,2.54,2.62
07/30/2025-16:00:29.736522,0.0,0.0,0.59,0.0,0.0,0.04,0.0,8.86,8.38,0.0,1.68,0.65,0.0,14.12,10.46,4.25,7.08,0.0,2.19,1.58,3.05,0.0,3.45,0.0,1.4,18.39,5.21,0.3,2.23,0.0,1.37,1.54,6.44,0.0,2.37,2.43
07/30/2025-16:00:30.351964,0.0,0.0,0.59,0.0,0.0,0.04,0.0,8.86,8.38,0.0,1.68,0.65,0.0,14.12,10.46,4.25,7.08,0.0,2.19,1.58,3.05,0.0,3.45,0.0,1.4,18.39,5.21,0.3,2.23,0.0,1.37,1.54,6.44,0.0,2.37,2.43
07/30/2025-16:00:30.926147,0.0,0.0,0.59,0.0,0.0,0.04,0.0,8.86,8.38,0.0,1.68,0.65,0.0,14.12,10.46,4.25,7.08,0.0,2.19,1.58,3.05,0.0,3.45,0.0,1.4,18.39,5.21,0.3,2.23,0.0,1.37,1.54,6.44,0.0,2.37,2.43
07/30/2025-16:00:31.425979,0.0,0.0,0.57,0.0,0.0,0.04,0.0,6.85,1.65,0.0,0.7,0.71,-0.0,13.85,6.72,3.0,6.86,0.0,2.12,1.68,2.94,0.0,3.62,0.0,1.58,17.06,5.03,0.0,2.25,0.0,1.62,1.34,6.17,0.0,2.37,2.37
07/30/2025-16:00:31.951727,0.0,0.0,0.57,0.0,0.0,0.04,0.0,6.85,1.65,0.0,0.7,0.71,-0.0,13.85,6.72,3.0,6.86,0.0,2.12,1.68,2.94,0.0,3.62,0.0,1.58,17.06,5.03,0.0,2.25,0.0,1.62,1.34,6.17,0.0,2.37,2.37
07/30/2025-16:00:32.374626,0.0,0.0,0.57,0.0,0.0,0.04,0.0,6.85,1.65,0.0,0.7,0.71,-0.0,13.85,6.72,3.0,6.86,0.0,2.12,1.68,2.94,0.0,3.62,0.0,1.58,17.06,5.03,0.0,2.25,0.0,1.62,1.34,6.17,0.0,2.37,2.37
07/30/2025-16:00:32.974211,0.0,0.0,0.57,0.0,0.0,0.04,0.0,6.85,1.65,0.0,0.7,0.71,-0.0,13.85,6.72,3.0,6.86,0.0,2.12,1.68,2.94,0.0,3.62,0.0,1.58,17.06,5.03,0.0,2.25,0.0,1.62,1.34,6.17,0.0,2.37,2.37
07/30/2025-16:00:33.412347,0.0,0.0,0.49,0.0,0.0,0.05,0.0,7.09,3.18,0.0,1.49,0.77,0.0,14.26,8.54,3.6,7.63,0.0,2.52,2.08,2.82,0.0,3.71,0.0,1.65,17.13,5.3,0.0,2.36,0.0,1.62,1.38,6.32,0.0,2.42,2.47
07/30/2025-16:00:33.850598,0.0,0.0,0.49,0.0,0.0,0.05,0.0,7.09,3.18,0.0,1.49,0.77,0.0,14.26,8.54,3.6,7.63,0.0,2.52,2.08,2.82,0.0,3.71,0.0,1.65,17.13,5.3,0.0,2.36,0.0,1.62,1.38,6.32,0.0,2.42,2.47
07/30/2025-16:00:34.312973,0.0,0.0,0.49,0.0,0.0,0.05,0.0,7.09,3.18,0.0,1.49,0.77,0.0,14.26,8.54,3.6,7.63,0.0,2.52,2.08,2.82,0.0,3.71,0.0,1.65,17.13,5.3,0.0,2.36,0.0,1.62,1.38,6.32,0.0,2.42,2.47
07/30/2025-16:00:34.835520,0.0,0.0,0.7,0.0,0.0,0.04,0.0,7.54,2.95,0.0,1.55,0.82,0.0,14.4,8.27,2.57,5.85,0.0,2.45,2.62,2.81,0.0,3.56,0.0,1.74,18.37,3.7,0.0,0.85,0.0,1.81,0.0,0.0,0.0,0.0,0.0
07/30/2025-16:00:35.334266,0.0,0.0,0.7,0.0,0.0,0.04,0.0,7.54,2.95,0.0,1.55,0.82,0.0,14.4,8.27,2.57,5.85,0.0,2.45,2.62,2.81,0.0,3.56,0.0,1.74,18.37,3.7,0.0,0.85,0.0,1.81,0.0,0.0,0.0,0.0,0.0
07/30/2025-16:00:35.867056,0.0,0.0,0.7,0.0,0.0,0.04,0.0,7.54,2.95,0.0,1.55,0.82,0.0,14.4,8.27,2.57,5.85,0.0,2.45,2.62,2.81,0.0,3.56,0.0,1.74,18.37,3.7,0.0,0.85,0.0,1.81,0.0,0.0,0.0,0.0,0.0
07/30/2025-16:00:36.332572,0.0,0.0,0.7,0.0,0.0,0.04,0.0,7.54,2.95,0.0,1.55,0.82,0.0,14.4,8.27,2.57,5.85,0.0,2.45,2.62,2.81,0.0,3.56,0.0,1.74,18.37,3.7,0.0,0.85,0.0,1.81,0.0,0.0,0.0,0.0,0.0
07/30/2025-16:00:36.785300,0.14,0.0,0.46,0.0,0.0,0.03,0.0,0.0,2.97,0.08,0.0,0.0,0.0,0.0,0.0,0.0,0.0,0.0,1.46,0.0,0.0,0.26,0.0,0.0,1.51,0.0,0.0,0.0,0.0,0.0,1.93,0.0,0.0,0.0,0.0,0.0
07/30/2025-16:00:37.249243,0.14,0.0,0.46,0.0,0.0,0.03,0.0,0.0,2.97,0.08,0.0,0.0,0.0,0.0,0.0,0.0,0.0,0.0,1.46,0.0,0.0,0.26,0.0,0.0,1.51,0.0,0.0,0.0,0.0,0.0,1.93,0.0,0.0,0.0,0.0,0.0
07/30/2025-16:00:37.732362,0.14,0.0,0.46,0.0,0.0,0.03,0.0,0.0,2.97,0.08,0.0,0.0,0.0,0.0,0.0,0.0,0.0,0.0,1.46,0.0,0.0,0.26,0.0,0.0,1.51,0.0,0.0,0.0,0.0,0.0,1.93,0.0,0.0,0.0,0.0,0.0
